{
    "faces": [1,49,0,37,84,1,14,61,74,25,1,26,73,85,36,1,50,86,72,60,1,1,48,62,13,1,0,3,9,8,1,3,4,10,9,1,1,5,10,4,1,5,6,11,10,1,2,7,11,6,1,7,8,9,11,0,9,10,11,1,12,15,21,20,1,15,16,22,21,1,13,17,22,16,1,17,18,23,22,1,14,19,23,18,1,19,20,21,23,0,21,22,23,1,24,27,33,32,1,27,28,34,33,1,25,29,34,28,1,29,30,35,34,1,26,31,35,30,1,31,32,33,35,0,33,34,35,1,36,39,45,44,1,39,40,46,45,1,37,41,46,40,1,41,42,47,46,1,38,43,47,42,1,43,44,45,47,0,45,46,47,1,48,51,57,56,1,51,52,58,57,1,49,53,58,52,1,53,54,59,58,1,50,55,59,54,1,55,56,57,59,0,57,58,59,1,60,63,69,68,1,63,64,70,69,1,61,65,70,64,1,65,66,71,70,1,62,67,71,66,1,67,68,69,71,0,69,70,71,1,72,75,81,80,1,75,76,82,81,1,73,77,82,76,1,77,78,83,82,1,74,79,83,78,1,79,80,81,83,0,81,82,83,1,84,87,93,92,1,87,88,94,93,1,85,89,94,88,1,89,90,95,94,1,86,91,95,90,1,91,92,93,95,0,93,94,95,1,1,13,16,5,1,5,16,15,6,1,6,15,12,2,1,2,38,42,7,1,7,42,41,8,1,37,0,8,41,1,0,49,52,3,1,3,52,51,4,1,4,51,48,1,1,14,25,28,19,1,19,28,27,20,1,20,27,24,12,1,13,62,66,17,1,17,66,65,18,1,18,65,61,14,1,26,36,44,31,1,31,44,43,32,1,32,43,38,24,1,25,74,78,29,1,29,78,77,30,1,30,77,73,26,1,36,85,88,39,1,39,88,87,40,1,40,87,84,37,1,50,60,68,55,1,55,68,67,56,1,56,67,62,48,1,49,84,92,53,1,53,92,91,54,1,54,91,86,50,1,60,72,80,63,1,63,80,79,64,1,64,79,74,61,1,72,86,90,75,1,75,90,89,76,1,76,89,85,73,1,2,12,24,38],
    "name": "CubeGeometry.2",
    "vertices": [0.8000000715255737,-0.8000000715255737,-0.9999998807907104,1.0,-0.8000000715255737,-0.7999998331069946,0.800000011920929,-1.0,-0.7999998927116394,0.9000000357627869,-0.8000000715255737,-0.9732049107551575,0.9732050895690918,-0.8000000715255737,-0.8999997973442078,0.973205029964447,-0.9000000357627869,-0.7999998927116394,0.8999999165534973,-0.9732050895690918,-0.7999999523162842,0.8000000715255737,-0.9732050895690918,-0.8999999761581421,0.8000001311302185,-0.8999999761581421,-0.973205029964447,0.8982051014900208,-0.8982051014900208,-0.9598075747489929,0.9598076343536377,-0.8982051610946655,-0.8982049822807312,0.898205041885376,-0.9598076939582825,-0.898205041885376,0.800000011920929,-0.9999999403953552,0.8000000715255737,1.0,-0.7999999523162842,0.8000001311302185,0.7999999523162842,-0.7999999523162842,1.0,0.8999999761581421,-0.9732049703598022,0.8000001907348633,0.973205029964447,-0.8999998569488525,0.8000001907348633,0.973205029964447,-0.7999999523162842,0.9000000953674316,0.8999999761581421,-0.7999999523162842,0.9732051491737366,0.7999998927116394,-0.8999999165534973,0.9732050895690918,0.7999999523162842,-0.9732049703598022,0.8999999761581421,0.898205041885376,-0.9598075747489929,0.8982051610946655,0.9598076343536377,-0.8982049822807312,0.8982051610946655,0.898205041885376,-0.898205041885376,0.9598076939582825,-0.8000000715255737,-0.9999999403953552,0.7999998927116394,-0.8000001907348633,-0.7999999523162842,0.9999998807907104,-1.0000001192092896,-0.7999999523162842,0.7999998927116394,-0.800000011920929,-0.9732049703598022,0.8999999165534973,-0.8000000715255737,-0.8999998569488525,0.973205029964447,-0.9000001549720764,-0.7999999523162842,0.973205029964447,-0.9732052087783813,-0.7999999523162842,0.8999999165534973,-0.9732052087783813,-0.8999999165534973,0.7999998927116394,-0.9000000953674316,-0.9732049703598022,0.7999998927116394,-0.8982051610946655,-0.9598075747489929,0.8982049822807312,-0.8982051610946655,-0.8982049822807312,0.9598075747489929,-0.9598077535629272,-0.898205041885376,0.8982049822807312,-0.9999997019767761,-0.8000000715255737,-0.8000002503395081,-0.7999997138977051,-0.8000000715255737,-1.0000003576278687,-0.7999997138977051,-1.0,-0.8000002503395081,-0.9732048511505127,-0.8000000715255737,-0.900000274181366,-0.899999737739563,-0.8000000715255737,-0.9732053875923157,-0.7999996542930603,-0.9000000357627869,-0.9732053875923157,-0.7999996542930603,-0.9732050895690918,-0.900000274181366,-0.899999737739563,-0.9732050895690918,-0.8000002503395081,-0.9732048511505127,-0.8999999761581421,-0.8000002503395081,-0.9598073959350586,-0.8982051014900208,-0.8982053399085999,-0.8982048034667969,-0.8982051610946655,-0.9598079323768616,-0.8982048034667969,-0.9598076939582825,-0.8982053399085999,1.0000003576278687,0.7999999523162842,-0.7999995946884155,0.8000004291534424,0.7999999523162842,-0.9999996423721313,0.8000003695487976,0.9999999403953552,-0.7999995946884155,0.9732055068016052,0.7999999523162842,-0.8999996185302734,0.9000004529953003,0.7999999523162842,-0.9732046723365784,0.8000004887580872,0.8999999165534973,-0.9732046723365784,0.8000004291534424,0.9732049703598022,-0.8999995589256287,0.9000003337860107,0.9732049703598022,-0.7999995946884155,0.9732053875923157,0.8999998569488525,-0.7999995946884155,0.9598080515861511,0.8982049822807312,-0.8982046246528625,0.8982055187225342,0.8982049822807312,-0.9598070979118347,0.8982055187225342,0.9598075747489929,-0.8982046246528625,0.799999475479126,1.0,0.8000004887580872,0.7999994158744812,0.8000000715255737,1.0000004768371582,0.999999463558197,0.8000000715255737,0.8000004887580872,0.799999475479126,0.9732050895690918,0.9000004529953003,0.799999475479126,0.8999999761581421,0.9732055068016052,0.8999994397163391,0.8000000715255737,0.9732055068016052,0.973204493522644,0.8000000715255737,0.9000004529953003,0.9732046127319336,0.9000000357627869,0.8000004887580872,0.8999994993209839,0.9732050895690918,0.8000004887580872,0.8982045650482178,0.9598076939582825,0.898205578327179,0.8982045650482178,0.8982051014900208,0.9598081111907959,0.9598070383071899,0.8982051610946655,0.898205578327179,-0.8000003099441528,1.0,0.7999997138977051,-1.0000003576278687,0.8000000715255737,0.7999995946884155,-0.8000003695487976,0.8000000715255737,0.9999996423721313,-0.9000003337860107,0.9732050895690918,0.7999996542930603,-0.9732054471969604,0.8999999761581421,0.7999996542930603,-0.9732053875923157,0.8000000715255737,0.8999996185302734,-0.900000274181366,0.8000000715255737,0.9732046723365784,-0.8000003695487976,0.9000000357627869,0.9732047319412231,-0.8000003695487976,0.9732050895690918,0.8999996781349182,-0.8982053995132446,0.9598076939582825,0.8982047438621521,-0.9598079919815063,0.8982051014900208,0.8982047438621521,-0.8982053995132446,0.8982051014900208,0.959807276725769,-0.7999999523162842,0.7999999523162842,-1.0,-1.0,0.7999999523162842,-0.8000001311302185,-0.800000011920929,0.9999999403953552,-0.800000011920929,-0.8999999761581421,0.800000011920929,-0.973205029964447,-0.9732050895690918,0.800000011920929,-0.9000000357627869,-0.973205029964447,0.8999999165534973,-0.8000000715255737,-0.8999999165534973,0.9732049703598022,-0.800000011920929,-0.800000011920929,0.9732049703598022,-0.9000000357627869,-0.800000011920929,0.8999998569488525,-0.9732051491737366,-0.898205041885376,0.8982049822807312,-0.9598076343536377,-0.9598075151443481,0.8982049822807312,-0.8982051014900208,-0.898205041885376,0.9598074555397034,-0.8982051014900208],
    "metadata": {
        "type": "Geometry",
        "faces": 98,
        "version": 3,
        "generator": "io_three",
        "vertices": 96
    }
}