{
    "name": "CylinderGeometry.2",
    "faces": [9,0,1,3,2,0,1,2,3,9,2,3,5,4,0,1,2,3,9,4,5,7,6,0,1,2,3,9,6,7,9,8,0,1,2,3,9,8,9,11,10,0,1,2,3,9,10,11,13,12,0,1,2,3,9,12,13,15,14,0,1,2,3,9,14,15,17,16,0,1,2,3,9,16,17,19,18,0,1,2,3,9,18,19,21,20,0,1,2,3,9,20,21,23,22,0,1,2,3,9,22,23,25,24,0,1,2,3,9,24,25,27,26,0,1,2,3,9,26,27,29,28,0,1,2,3,9,28,29,31,30,0,1,2,3,9,30,31,33,32,0,1,2,3,9,32,33,35,34,0,1,2,3,9,34,35,37,36,0,1,2,3,9,36,37,39,38,0,1,2,3,9,38,39,41,40,0,1,2,3,9,40,41,43,42,0,1,2,3,9,42,43,45,44,0,1,2,3,9,44,45,47,46,0,1,2,3,9,46,47,49,48,0,1,2,3,9,48,49,51,50,0,1,2,3,9,50,51,53,52,0,1,2,3,9,52,53,55,54,0,1,2,3,9,54,55,57,56,0,1,2,3,9,56,57,59,58,0,1,2,3,9,58,59,61,60,0,1,2,3,8,3,1,63,4,5,6,8,3,63,61,4,6,7,8,3,61,5,4,7,35,8,61,59,5,7,8,35,8,59,7,5,8,34,35,8,59,57,7,8,9,34,8,57,9,7,9,33,34,8,57,55,9,9,10,33,8,55,11,9,10,32,33,8,55,53,11,10,11,32,8,53,13,11,11,31,32,8,53,51,13,11,12,31,8,51,15,13,12,30,31,8,51,49,15,12,13,30,8,49,17,15,13,29,30,8,49,47,17,13,14,29,8,47,19,17,14,28,29,8,47,45,19,14,15,28,8,45,21,19,15,27,28,8,45,43,21,15,16,27,8,43,23,21,16,26,27,8,43,41,23,16,17,26,8,41,25,23,17,25,26,8,41,39,25,17,18,25,8,39,27,25,18,24,25,8,39,37,27,18,19,24,8,37,29,27,19,23,24,8,37,35,29,19,20,23,8,35,31,29,20,22,23,8,35,33,31,20,21,22,9,1,0,62,63,2,3,0,1,9,60,61,63,62,0,1,2,3,8,30,32,34,19,20,21,8,28,30,34,18,19,21,8,28,34,36,18,21,22,8,26,28,36,17,18,22,8,26,36,38,17,22,23,8,24,26,38,16,17,23,8,24,38,40,16,23,24,8,22,24,40,15,16,24,8,22,40,42,15,24,25,8,20,22,42,14,15,25,8,20,42,44,14,25,26,8,18,20,44,13,14,26,8,18,44,46,13,26,27,8,16,18,46,12,13,27,8,16,46,48,12,27,28,8,14,16,48,11,12,28,8,14,48,50,11,28,29,8,12,14,50,10,11,29,8,12,50,52,10,29,30,8,10,12,52,9,10,30,8,10,52,54,9,30,31,8,8,10,54,8,9,31,8,8,54,56,8,31,32,8,6,8,56,7,8,32,8,6,56,58,7,32,33,8,4,6,58,6,7,33,8,4,58,60,6,33,34,8,2,4,60,5,6,34,8,2,60,62,5,34,35,8,0,2,62,4,5,35],
    "uvs": [[0.13049989938735962,0.13049989938735962,0.8695001006126404,0.13049989938735962,0.8695001006126404,0.8695001006126404,0.13049989938735962,0.8695001006126404,0.5,0.8695001006126404,0.5720858573913574,0.8624002933502197,0.6414015889167786,0.8413735628128052,0.7052832841873169,0.8072280883789062,0.7612760066986084,0.7612760066986084,0.8072280883789062,0.7052832245826721,0.8413735628128052,0.6414015293121338,0.8624002933502197,0.5720858573913574,0.8695001006126404,0.5000000596046448,0.8624002933502197,0.4279141426086426,0.84137362241745,0.3585984706878662,0.8072280883789062,0.2947167754173279,0.7612760066986084,0.2387239634990692,0.7052832245826721,0.19277188181877136,0.6414015293121338,0.15862637758255005,0.5720857977867126,0.13759973645210266,0.49999988079071045,0.13049989938735962,0.42791396379470825,0.13759976625442505,0.3585982918739319,0.1586264967918396,0.29471656680107117,0.1927720010280609,0.23872381448745728,0.23872414231300354,0.19277173280715942,0.2947169542312622,0.15862628817558289,0.3585987091064453,0.13759967684745789,0.42791444063186646,0.13049989938735962,0.5000003576278687,0.13759982585906982,0.5720862746238708,0.15862658619880676,0.6414019465446472,0.19277215003967285,0.7052836418151855,0.23872432112693787,0.761276364326477,0.2947171628475189,0.8072283864021301,0.3585989475250244,0.8413738012313843,0.42791467905044556,0.8624004125595093]],
    "vertices": [0.0,0.03963334858417511,-1.0,0.0,-0.03963343799114227,-1.0,0.19509032368659973,0.03963334858417511,-0.9807852506637573,0.19509032368659973,-0.03963343799114227,-0.9807852506637573,0.3826834559440613,0.03963335230946541,-0.9238795042037964,0.3826834559440613,-0.039633434265851974,-0.9238795042037964,0.5555702447891235,0.03963335603475571,-0.8314695954322815,0.5555702447891235,-0.039633430540561676,-0.8314695954322815,0.7071067690849304,0.039633363485336304,-0.7071067690849304,0.7071067690849304,-0.03963342308998108,-0.7071067690849304,0.8314696550369263,0.0396333672106266,-0.5555701851844788,0.8314696550369263,-0.03963341936469078,-0.5555701851844788,0.9238795042037964,0.0396333783864975,-0.3826834261417389,0.9238795042037964,-0.039633408188819885,-0.3826834261417389,0.9807852506637573,0.039633385837078094,-0.19509035348892212,0.9807852506637573,-0.03963340073823929,-0.19509035348892212,1.0,0.03963339328765869,-7.723033235151888e-08,1.0,-0.03963339328765869,-7.376547017656776e-08,0.9807853102684021,0.03963340073823929,0.19509020447731018,0.9807853102684021,-0.039633385837078094,0.19509020447731018,0.9238795638084412,0.039633408188819885,0.38268327713012695,0.9238795638084412,-0.0396333783864975,0.38268327713012695,0.8314696550369263,0.03963341936469078,0.5555701851844788,0.8314696550369263,-0.0396333672106266,0.5555701851844788,0.7071067690849304,0.03963342308998108,0.7071067690849304,0.7071067690849304,-0.039633363485336304,0.7071067690849304,0.5555701851844788,0.039633430540561676,0.8314696550369263,0.5555701851844788,-0.03963335603475571,0.8314696550369263,0.38268327713012695,0.039633434265851974,0.9238796234130859,0.38268327713012695,-0.03963335230946541,0.9238796234130859,0.19509008526802063,0.03963343799114227,0.9807853102684021,0.19509008526802063,-0.03963334858417511,0.9807853102684021,-3.2584136988589307e-07,0.03963343799114227,1.0,-3.2584136988589307e-07,-0.03963334858417511,1.0,-0.19509072601795197,0.03963343799114227,0.9807851910591125,-0.19509072601795197,-0.03963334858417511,0.9807851910591125,-0.3826838731765747,0.039633434265851974,0.9238793253898621,-0.3826838731765747,-0.03963335230946541,0.9238793253898621,-0.5555707216262817,0.039633430540561676,0.8314692974090576,-0.5555707216262817,-0.03963335603475571,0.8314692974090576,-0.7071072459220886,0.03963342308998108,0.707106351852417,-0.7071072459220886,-0.039633363485336304,0.707106351852417,-0.8314700126647949,0.03963341936469078,0.5555696487426758,-0.8314700126647949,-0.0396333672106266,0.5555696487426758,-0.923879861831665,0.039633408188819885,0.3826826810836792,-0.923879861831665,-0.0396333783864975,0.3826826810836792,-0.9807854294776917,0.03963340073823929,0.1950894594192505,-0.9807854294776917,-0.039633385837078094,0.1950894594192505,-1.0,0.03963339328765869,-9.673316299085855e-07,-1.0,-0.03963339328765869,-9.63866682468506e-07,-0.980785071849823,0.039633385837078094,-0.1950913518667221,-0.980785071849823,-0.03963340073823929,-0.1950913518667221,-0.923879086971283,0.0396333783864975,-0.38268446922302246,-0.923879086971283,-0.039633408188819885,-0.38268446922302246,-0.831468939781189,0.0396333672106266,-0.5555712580680847,-0.831468939781189,-0.03963341936469078,-0.5555712580680847,-0.7071058750152588,0.039633363485336304,-0.707107663154602,-0.7071058750152588,-0.03963342308998108,-0.707107663154602,-0.5555691123008728,0.03963335603475571,-0.8314703702926636,-0.5555691123008728,-0.039633430540561676,-0.8314703702926636,-0.38268208503723145,0.03963335230946541,-0.9238801002502441,-0.38268208503723145,-0.039633434265851974,-0.9238801002502441,-0.19508881866931915,0.03963334858417511,-0.9807855486869812,-0.19508881866931915,-0.03963343799114227,-0.9807855486869812],
    "metadata": {
        "type": "Geometry",
        "uvs": 1,
        "version": 3,
        "vertices": 64,
        "generator": "io_three",
        "faces": 92
    }
}